"Soup","Juice","Coffee","Breakfast Spreads","Chips","Tea","Candy"
"0", "10", "20", "30", "40","50","60","70","80"
18.896245243507,27.8581526849261,	34.9593556522934,	41.0704169539789,	46.5370360108617,	51.5395018945352,	56.1862981175502
19,27,35,41,45,53,58,63,69,73
36,37,39,45,48,49,52,54,58,60